Target Name,Target No.,preprocessed,Focus Text,Matched Name 1,Matched No. 1,Matched Score 1,Matched Name 2,Matched No. 2,Matched Score 2,Matched Name 3,Matched No. 3,Matched Score 3,Matched Name 4,Matched No. 4,Matched Score 4,Matched Name 5,Matched No. 5,Matched Score 5,Matched Name 6,Matched No. 6,Matched Score 6,Matched Name 7,Matched No. 7,Matched Score 7,Matched Name 8,Matched No. 8,Matched Score 8,Matched Name 9,Matched No. 9,Matched Score 9,Matched Name 10,Matched No. 10,Matched Score 10
"AECOM GLOBAL II, LLC",24026,aecom global ii,aecom,Aecom Technology (XETRA),304295,99.52,Aecom,133456,99.5,Aecom (BRN),223690,99.5,Aecom (Pet),250941,99.5,Aecom (Frankfurt),260965,99.5,AEC Holdings,52008,99.33,AEC Inc,62068,99.33,OM Holdings,3117,99.24,OM,43231,99.24,AE,44716,99.24
AEGIS GAS (LPG) PRIVATE LIMITED,11750,aegis gas private,aegis,Aegis Realty,78574,99.62,Aegis Industries,62070,99.61,Aegis Espana Limited Data,14214,99.59,Aegis Logistics,97260,99.56,Aegis Investment Management (Golf),4842,99.55,Aegis Brands,81019,99.55,Aegis Brands (Non-NASDAQ OTC),243461,99.55,Aegis Brands (Frankfurt),260967,99.55,Aegis Assessments,69680,99.53,Aegis Assessments (Berlin),283993,99.53
AES Argentina Generacion S.A.,2810,aes argentina generacion,aes,AES China Generating A,69694,99.7,AES Tiete Energia On,150377,99.64,AES Tiete Energia PN,150378,99.59,Caesars Entertainment,59315,99.58,Caesars Entertainment,63221,99.58,Caesars Entertainment,133487,99.58,Caesars Entertainment,148773,99.58,Caesars (Mexico) Entertainment,217005,99.58,Caesars (MIC) Entertainment,224047,99.58,Caesars (Frankfurt) Entertainment,261897,99.58
"AES CHANGUINOLA, S.A.",16760,aes changuinola,aes,Aesculap,14227,99.61,AES Chemunex,14225,99.59,AES China Generating A,69694,99.59,Daesang,118092,99.55,Daesang Holdings,118093,99.55,AES Rivneoblen,41115,99.55,Maestro Capital,9831,99.53,Daesang Trading Company,33743,99.53,Aeso Holding,98378,99.52,Aeso Holding (Temp),164656,99.52
AES Chivor & CIA S.C.A. E.S.P.,7311,aes chivor & cia s.c.a. e.s.p.,aes,Caesars Acquisition Class A,59314,99.42,AES China Generating A,69694,99.42,Caesars Acquisition (Frankfurt) Class A,277303,99.42,AES Alicura Sociedad Anonima,75,99.41,AES Trust I Tecons Service 'A',62077,99.41,AES Laboratoires GPE,14226,99.4,Aesthetic Medical International Holdings Group ADR 1:3,139227,99.4,AES Tiete Energia PN,150378,99.4,Aesthetic Medical (Frankfurt) International Holdings Group ADR 1:3,267553,99.4,AES Tiete Energia ADR 1:1,202343,99.4
AES Drax Energy Limited,9088,aes drax energy,aes,Daesung Energy,118095,99.69,AES Gener (Non-NASDAQ OTC),234008,99.67,AES China Generating A,69694,99.59,AES Andes,87895,99.58,Faes Farma Nueva,166784,99.58,AES Gener Rights,214874,99.58,AES Brasil On,76,99.57,AES Brasil On,80375,99.57,AES Tiete Energia On,150377,99.57,AES Tiete Energia PN,150378,99.57
"AES Eastern Energy, L.P.",21580,aes eastern energy,aes,Daesung Energy,118095,99.69,AES Tiete Energia On,150377,99.68,AES Tiete Energia PN,150378,99.68,AES Tiete Energia (BSP) Units,148464,99.63,AES Tiete Energia Units,216407,99.63,AES Tiete Energia ADR 1:1,202343,99.6,AES Gener (Non-NASDAQ OTC),234008,99.59,Saes Getetrs RNC,29791,99.59,Saes Getters RSP,163828,99.59,AES Gener Rights,214874,99.59
AES El Salvador Trust II,16759,aes el salvador ii,aes,AES Elpa On,77,99.55,Baes SP ADR (Frankfurt),293431,99.55,AES Laboratoires GPE,14226,99.53,Aesthetic Medical International Holdings Group ADR 1:3,139227,99.51,Aesthetic Medical (Frankfurt) International Holdings Group ADR 1:3,267553,99.51,AES Tiete Energia ADR 1:1,202343,99.51,AES Sul On,78,99.5,AES Sul PN,150376,99.5,Aessel Trading Industria L Group,31976,99.5,AES Tiete Sponsored ADR 1:1,202344,99.49
"AES Ironwood, L.L.C.",21586,aes ironwood,aes,Saes RNC,29792,99.6,AES Andes,87895,99.57,AES Kyivoblen,41114,99.56,AES Brasil On,76,99.56,AES Brasil On,80375,99.56,AES Sul On,78,99.55,AES Rivneoblen,41115,99.54,Caesar's World,63220,99.54,AES BDR,148463,99.53,Caesarstone,135969,99.52
"AES PANAMA GENERATION HOLDINGS, S.R.L.",16766,aes panama generation s.r.l.,aes,AES China Generating A,69694,99.68,Caesars Explorations,5963,99.54,Aesler Grup Internasional,98377,99.53,Faes Farma Nuevas,166785,99.53,Faes Farma Nueva,166784,99.5,AES Gener Rights,214874,99.5,AES Tiete Energia On,150377,99.5,Caesars Entertainment,59315,99.49,Caesars Entertainment,63221,99.49,Caesars Entertainment,133487,99.49
AGEAS CAPITAL (ASIA) LIMITED,25286,ageas capital,ageas,Ageas (ex-Fortis),87583,99.56,Ageas (ex-Fortis) (Mexico),216659,99.56,Ageas (Swiss Stock Exchange),223704,99.56,Ageas (Non-NASDAQ OTC),243490,99.56,Ageas (ex-Fortis) (Frankfurt),267574,99.56,Ageas (ex-Fortis) (Vienna Stock Exchange),267575,99.56,Ageas (ex-Fortis) (XETRA),267576,99.56,Ageas (Milan),267577,99.56,Ageas (Luxembourg),284032,99.56,Ageas 'B' Strip,164662,99.5
AHOLD Lease Series 2001-A-1 Pass Through Trust,21704,ahold lease series 2001 a 1 pass through,ahold,Ahold Dividend '00,14304,99.38,Koninklijke Ahold DLHZ N V Sponsored ADR 1:1,188729,99.36,Koninklijke Ahold DLHZ N V (Frankfurt) Sponsored ADR 1:1,257998,99.36,Koninklijke Ahold (XETRA) ADR 1:1,291744,99.34,Ahold ADR,142276,99.33,Ahold Koninklijke (Swiss Stock Exchange),227043,99.32,Ahold Koninklijke (Non-NASDAQ OTC),243501,99.32,Ahold Koninklijke (Dutch Trading Service),293026,99.32,Ahold Koninklijke (VIRT-X),293027,99.32,Ahold Koninklijke (SEAQ International),293028,99.32
ALLIANCE ISLAMIC BANK BERHAD,15967,alliance islamic berhad,alliance,Alliance Insurance,124971,99.68,International Alliance File,97744,99.67,Alliance Oil SDB,41172,99.67,Alliance Oil SDR (Non-NASDAQ OTC),234124,99.67,Alliance Oil Company SDB (Frankfurt),276516,99.67,Alliance Grain (XETRA) Traders,309687,99.67,Alliance Oil Company SDB (XETRA),309688,99.67,Alliance International Reinsurance,14463,99.65,Alliance Bank Malaysia,106300,99.65,Alliance Material,116730,99.65
ASCENDAS IT PARK (CHENNAI) LIMITED,11864,ascendas it park,ascendas,Ascendas India Trust,115365,99.73,Ascendas India Trust (Non-NASDAQ OTC),243805,99.73,Ascendas India Trust (Berlin),267961,99.73,Ascendas REIT Units (Frankfurt),267962,99.69,Ascendas Hospitality REIT,32397,99.63,Ascendas Real Estate Investment Trust A,177381,99.63,Ascendas Real Estate Investment Trust,115227,99.61,Ascendas Real (London) Estate Investment Trust,227139,99.61,Ascendas Real Estate (Non-NASDAQ OTC),243806,99.61,Ascendas Real Estate (XETRA) Investment Trust,309916,99.61
ATF Capital B.V.,16250,atf capital b.v.,atf,Ideatfi-PDA,179003,99.44,Arco Platform Limited Class B,192970,99.43,Vasta Platform Limited Class B,201668,99.42,Platforma Mediowa Point Group PDA Dead,180204,99.42,Stratford American,77228,99.41,Platform Utinet RU,38130,99.41,Platfields,38129,99.38,Platfields (Berlin),288610,99.38,Platfields (XETRA),314732,99.38,Hatfield Estates,47719,99.38
ATF Netherlands B.V.,16423,atf netherlands b.v.,atf,Vasta Platform Limited Class B,201668,99.48,Platfields,38129,99.47,Glatfelter,136748,99.47,Glatfelter (Berlin),263391,99.47,Platfields (Berlin),288610,99.47,Glatfelter (XETRA),306111,99.47,Platfields (XETRA),314732,99.47,Hatfield Estates,47719,99.44,Arco Platform Limited Class B,192970,99.44,Multi Platform Integration,56079,99.43
"AUTOPISTA DEL GUADALMEDINA, CONCESIONARIA ESPA",8164,autopista del guadalmedina concesionaria espa,autopista,Autopista Los Libertadores SA,5382,99.54,Autopistas del Sol,81475,99.51,Autopistas del Sol (Non-NASDAQ OTC),243926,99.51,Autopista-Vasco,24463,99.43,Society Conces Autopista Interportuaria SA,12373,99.43,Auto Group,447,99.16,Ista Investment,145278,99.16,IST Group,35820,99.12,STA Group,43876,99.12,Top,86659,99.12
AXA Equitable Life Insurance Company,21303,axa equitable life insurance,axa,AXA Midi Assurances,14922,99.6,AXA Courtage Vie Limited Data Dead,14919,99.52,AXA Versicherung Preference (XETRA),165024,99.51,AXA Versicherung Preference,165025,99.51,AXA Asia Pacific Holdings,483,99.5,AXA Asia Pacific Holdings,227194,99.5,AXA Asia Pacific Holdings (Frankfurt),276932,99.5,AXA Asia Pacific (XETRA) Holdings,310096,99.5,AXA Financial,62778,99.49,AXA Financial (Berlin),299736,99.49
AXA HOME LOAN SFH SA,8644,axa home loan sfh,axa,Paxan Electronics,37951,99.53,Maxar Technologies (New York),134606,99.51,Maxar Technologies,213209,99.51,Maxar Technologies (Frankfurt),264574,99.51,AXA Konzern,14920,99.5,AXA Konzern (XETRA),14921,99.5,AXA Stenman,14924,99.5,Axantis Holding,41332,99.5,Axactor ASA,108120,99.5,Axantis Holding AG,177472,99.5
AXA Investment Managers,9281,axa managers,axa,AXA New,165020,99.63,AXA New,165021,99.63,AXA New,165022,99.63,AXA Konzern,14920,99.61,AXA Konzern (XETRA),14921,99.61,AXA Stenman,14924,99.61,Laxapana Batteries,120535,99.6,AXA Midi Assurances,14922,99.58,AXA Financial,62778,99.56,AXA Financial (Berlin),299736,99.56
Adani Welspun Exploration Ltd.,11951,adani welspun exploration,adani,Adani Enterprises,97107,99.57,Adani Enterprises (National India),220958,99.57,Adani Enterprises (Detached),223177,99.57,Adani Transmission,23935,99.51,Adani Green Energy Limited,23934,99.51,Adani Green Energy,97102,99.51,Adani Transmissions Limited,97109,99.5,Adani Power,97164,99.5,Adani Power (National India),220959,99.5,Adani Wilmar,97195,99.49
Aditya Birla Minacs Worldwide Limited,11639,aditya birla minacs worldwide,aditya,Aditya Birla Minerals,59,99.72,Aditya Birla Minerals (Non-NASDAQ OTC),233974,99.72,Aditya Birla Minerals (Frankfurt),276357,99.72,Aditya Birla Minerals (XETRA),309517,99.72,Aditya Birla Chemicals India,23947,99.7,Aditya Birla Financial Services,97257,99.7,Aditya Birla Money,98349,99.68,Aditya Birla Sun Life AMC,97258,99.67,Aditya Birla Nuvo,23948,99.65,Aditya Birla Nuvo,164633,99.65
Aegis Group Capital (Jersey) Limited,12449,aegis capital,aegis,Aegis Realty,78574,99.64,Aegis Espana Limited Data,14214,99.6,Aegis Logistics,97260,99.57,Aegis Group,44718,99.56,Aegis,62069,99.56,Aegis Group (Paris-SBF),220971,99.56,Aegis Group (VIRT-X),231471,99.56,Aegis Group (Non-NASDAQ OTC),234002,99.56,Aegis Group (Frankfurt),276384,99.56,Aegis Group (XETRA),309544,99.56
Alliance Pipeline Limited Partnership,5035,alliance pipeline partnership,alliance,Atlantic Alliance Partnership,142515,99.76,Atlantic Alliance Partnership (Frankfurt),276831,99.76,Alliance Resource Partners (Frankfurt),276517,99.73,Alliance Resource Partners (XETRA),304365,99.73,Alliance Resource Partners L P Unit Trust Limited Partnership,133661,99.66,Alliance Entertainment,78599,99.63,Alliance Grain (XETRA) Traders,309687,99.63,Alliance Split Income Trust Preferred Securities,156078,99.63,Alliance Enterprise,52094,99.62,Alliance Bank Preference,172862,99.62
Apollo Fibres Limited,11518,apollo fibres,apollo,Apollo Finvest,98636,99.81,Apollo Tyres,97293,99.8,Apollo Pipes,98639,99.8,Apollo Tyres,164896,99.8,Apollo Tyres,164897,99.8,Apollo Tyres (National India),221074,99.8,Apollo Bucuresti,32315,99.76,Apollo Bell International,14633,99.75,Apollo Bell International (XETRA),309828,99.75,Apollo Industries,62594,99.73
Autopista Concesionaria Astur-Leonesa S.A.,8012,autopista concesionaria astur leonesa,autopista,Autopista Los Libertadores SA,5382,99.57,Autopistas del Sol,81475,99.51,Autopistas del Sol (Non-NASDAQ OTC),243926,99.51,Autopista-Vasco,24463,99.5,Society Conces Autopista Interportuaria SA,12373,99.47,Auto Group,447,99.2,Ista Investment,145278,99.2,IST Group,35820,99.15,STA Group,43876,99.15,Top,86659,99.15
Autopista Fernao Dias S.A.,4319,autopista fernao dias,autopista,Autopista-Vasco,24463,99.67,Autopistas del Sol,81475,99.67,Autopistas del Sol (Non-NASDAQ OTC),243926,99.67,Autopista Los Libertadores SA,5382,99.64,Society Conces Autopista Interportuaria SA,12373,99.5,Auto Group,447,99.32,Ista Investment,145278,99.32,IST Group,35820,99.25,STA Group,43876,99.25,Top,86659,99.25
Autopista Litoral Sul S.A.,4321,autopista litoral sul,autopista,Autopistas del Sol,81475,99.72,Autopistas del Sol (Non-NASDAQ OTC),243926,99.72,Autopista Los Libertadores SA,5382,99.68,Autopista-Vasco,24463,99.67,Society Conces Autopista Interportuaria SA,12373,99.5,Auto Group,447,99.32,Ista Investment,145278,99.32,IST Group,35820,99.25,STA Group,43876,99.25,Top,86659,99.25
Autopista Planalto Sul S.A.,4320,autopista planalto sul,autopista,Autopistas del Sol,81475,99.7,Autopistas del Sol (Non-NASDAQ OTC),243926,99.7,Autopista-Vasco,24463,99.65,Autopista Los Libertadores SA,5382,99.62,Society Conces Autopista Interportuaria SA,12373,99.46,Auto Group,447,99.31,Ista Investment,145278,99.31,IST Group,35820,99.24,STA Group,43876,99.24,Top,86659,99.24
Autopista Regis Bittencourt S.A.,4318,autopista regis bittencourt,autopista,Autopista-Vasco,24463,99.62,Autopista Los Libertadores SA,5382,99.6,Autopistas del Sol,81475,99.58,Autopistas del Sol (Non-NASDAQ OTC),243926,99.58,Society Conces Autopista Interportuaria SA,12373,99.48,Auto Group,447,99.26,Ista Investment,145278,99.26,IST Group,35820,99.2,STA Group,43876,99.2,Top,86659,99.2
"Autopista Tenango-Ixtapan de la Sal, S.A. de C",15657,autopista tenango ixtapan de la sal de c,autopista,Autopista Los Libertadores SA,5382,99.55,Autopistas del Sol,81475,99.55,Autopistas del Sol (Non-NASDAQ OTC),243926,99.55,Autopista-Vasco,24463,99.47,Society Conces Autopista Interportuaria SA,12373,99.41,Auto Group,447,99.18,Ista Investment,145278,99.18,IST Group,35820,99.14,STA Group,43876,99.14,Top,86659,99.14
"Autopistas Del Atlantico, C.E.S.A",8002,autopistas del atlantico c.e.s.a,autopistas,Autopistas del Sol,81475,99.64,Autopistas del Sol (Non-NASDAQ OTC),243926,99.64,Auto Group,447,99.22,Stas,39565,99.22,Ista Investment,145278,99.22,IST Group,35820,99.17,STA Group,43876,99.17,Top,86659,99.17,IST Limited,101603,99.17,TAS (XETRA),315984,99.17
BANCA ALETTI & C SPA,12220,banca aletti & c spa,banca,Banca Carige Spa,165075,99.67,Banca Cremi ACP,172968,99.63,Banca Albina,32652,99.62,Bancal Tri-State,62812,99.61,Banca Carige RSP,162411,99.61,Banca Italease,14990,99.59,Banca Agricola,32651,99.59,Banca Macerata,91365,99.59,Banca Italease (Stuttgart),276968,99.59,Banca Italease (XETRA),310143,99.59
BANCA POPOLARE DI VICENZA SOCIETA PER AZIONI,12184,banca popolare di vicenza societa per azioni,banca,Banca Popolare di Cividale Scpa,91370,99.69,Banca Popolare di Novara,15138,99.68,Banca Popolare di Novara,15144,99.68,Banca Popolare di Novara (Stuttgart),293537,99.68,Banca Popolare di Verona (VIRT-X),293538,99.68,Banca Popolare di Verona (XETRA),310144,99.68,Banca Popolare di Spoleto,14996,99.67,Banca Popolare di Sondrio,87704,99.67,Banca Popolare di Sondrio (Stuttgart),268351,99.67,Banca Popolare di Sondrio (XETRA),310223,99.67
"BBVA 3 FTPYME,Fondo de Titulizacion de Activos",8036,bbva 3 ftpymefondo de titulizacion de activos,bbva,BBVA - BMV Mexico Enlace RT Trac,173011,99.47,BBVA - BMV Mexico Construye RT Trac,173010,99.43,BBVA - BMV Mexico CSO Frecuente RT Trac,171650,99.43,BBVA Sponsored ADR (Frankfurt) 1:1,255180,99.42,BBVA Sponsored ADR (XETRA) 1:1,290656,99.42,BBVA Capital Privado F C R,162420,99.42,BBVA Accion IBEX 35 ETF,162419,99.41,BBVA Dow Jones STOXX Euro 50,162421,99.41,BBVA Privanza International Preferred C Gibraltar ADR 1:1,142682,99.41,BBVA Banco Frances (XETRA) Sponsored ADR 1:3,317006,99.4
BBVA Autos 1 Fondo de Titulizacion de Activos,8031,bbva autos 1 fondo de titulizacion de activos,bbva,BBVA - BMV Mexico Enlace RT Trac,173011,99.45,BBVA Dow Jones STOXX Euro 50,162421,99.44,BBVA Banco Frances (XETRA) Sponsored ADR 1:3,317006,99.43,BBVA Sponsored ADR (Frankfurt) 1:1,255180,99.42,BBVA Sponsored ADR (XETRA) 1:1,290656,99.42,BBVA Capital Privado F C R,162420,99.42,BBVA Solidez BP XVI,15130,99.41,BBVA Accion IBEX 35 ETF,162419,99.41,BBVA - BMV Mexico Construye RT Trac,173010,99.41,BBVA - BMV Mexico CSO Frecuente RT Trac,171650,99.41
BBVA Autos 2 Fondo de Titulizacion de Activos,8053,bbva autos 2 fondo de titulizacion de activos,bbva,BBVA - BMV Mexico Enlace RT Trac,173011,99.45,BBVA Dow Jones STOXX Euro 50,162421,99.44,BBVA Banco Frances (XETRA) Sponsored ADR 1:3,317006,99.43,BBVA Sponsored ADR (Frankfurt) 1:1,255180,99.42,BBVA Sponsored ADR (XETRA) 1:1,290656,99.42,BBVA Capital Privado F C R,162420,99.42,BBVA Solidez BP XVI,15130,99.41,BBVA Accion IBEX 35 ETF,162419,99.41,BBVA - BMV Mexico Construye RT Trac,173010,99.41,BBVA - BMV Mexico CSO Frecuente RT Trac,171650,99.41
BBVA Banco de Financiacion SA,8093,bbva de financiacion,bbva,BBVA Banco Frances,80425,99.56,BBVA Certificate (Frankfurt),165185,99.56,BBVA Banco Frances (Madrid),268344,99.56,BBVA Certificate (XETRA),317007,99.56,BBVA Bancomer,24637,99.55,BBVA - BMV Fibras Trac,171649,99.54,BBVA Accion IBEX 35 ETF,162419,99.51,BBVA Capital Funding,15129,99.5,BBVA Banco Frances 'B' (Non-NASDAQ OTC),234601,99.5,BBVA Banco Frances 'B' (Stuttgart),268345,99.5
"BBVA Consumo 1, Fondo de Titulizacion de Activ",8059,bbva consumo 1 fondo de titulizacion de activ,bbva,BBVA - BMV Mexico Enlace RT Trac,173011,99.45,BBVA Dow Jones STOXX Euro 50,162421,99.44,BBVA Certificate (Frankfurt),165185,99.43,BBVA Certificate (XETRA),317007,99.43,BBVA Banco Frances (XETRA) Sponsored ADR 1:3,317006,99.43,BBVA - BMV Mexico CSO Frecuente RT Trac,171650,99.43,BBVA Sponsored ADR (Frankfurt) 1:1,255180,99.42,BBVA Sponsored ADR (XETRA) 1:1,290656,99.42,BBVA Capital Privado F C R,162420,99.42,BBVA iBoxx Euro Sovrgn 3-5 Short ETF,165186,99.42
BBVA Consumo 2 Fondo de Titulizacion de Activo,8070,bbva consumo 2 fondo de titulizacion de activo,bbva,BBVA - BMV Mexico Enlace RT Trac,173011,99.44,BBVA Dow Jones STOXX Euro 50,162421,99.43,BBVA - BMV Mexico CSO Frecuente RT Trac,171650,99.43,BBVA Certificate (Frankfurt),165185,99.42,BBVA Certificate (XETRA),317007,99.42,BBVA Banco Frances (XETRA) Sponsored ADR 1:3,317006,99.42,BBVA Capital Privado F C R,162420,99.42,BBVA Sponsored ADR (Frankfurt) 1:1,255180,99.41,BBVA Sponsored ADR (XETRA) 1:1,290656,99.41,BBVA Accion IBEX 35 ETF,162419,99.41
BBVA FINANZIA AUTOS 1 Fondo de Titulizacion de,8073,bbva finanzia autos 1 fondo de titulizacion de,bbva,BBVA Privanza Sponsored ADR 1:1 REP Preferred Series E,193338,99.46,BBVA Banco Frances (XETRA) Sponsored ADR 1:3,317006,99.45,BBVA Privanza International Preferred C Gibraltar ADR 1:1,142682,99.45,BBVA Capital Privado F C R,162420,99.44,Grupo Financiero BBVA Bancomer SA de Convertible,173488,99.44,Grupo Financiero BBVA Bancomer SA de Convertible,173489,99.44,BBVA Privanza International Preferred B ADR 1:1,193337,99.43,BBVA Privanza International Preferred A Gibraltar 1 ADR = 1 Share,193336,99.43,BBVA Capital Funding,15129,99.42,BBVA Capital Funding (XETRA),304736,99.42
BBVA Global Finance Ltd,14716,bbva global,bbva,BBVA Banco BHIF,5539,99.6,BBVA Bancomer,24637,99.58,BBVA (Swiss Stock Exchange),177576,99.53,BBVA (Buenos Aires),215015,99.53,BBVA (Tokyo),221220,99.53,BBVA (London),227234,99.53,BBVA (London),231666,99.53,BBVA (Non-NASDAQ OTC),244070,99.53,BBVA (Frankfurt),268341,99.53,BBVA (XETRA),268343,99.53
BBVA Global Markets B.V.,16299,bbva global markets b.v.,bbva,BBVA Solidez BP XVI,15130,99.51,BBVA Banco Frances 'B' (Non-NASDAQ OTC),234601,99.5,BBVA Banco Frances 'B' (Stuttgart),268345,99.5,BBVA Bancomer,24637,99.49,BBVA Bancomer Mextrac,171651,99.49,BBVA (Frankfurt) Bonus Rights,277023,99.49,BBVA (Frankfurt) Bonus Rights,277024,99.49,BBVA (Frankfurt) Bonus Rights,277025,99.49,BBVA (Frankfurt) Bonus Rights,277026,99.49,BBVA (Frankfurt) Bonus Rights,277027,99.49
BBVA International Limited,14720,bbva,bbva,BBVA (Swiss Stock Exchange),177576,100.0,BBVA (Buenos Aires),215015,100.0,BBVA (Tokyo),221220,100.0,BBVA (London),227234,100.0,BBVA (London),231666,100.0,BBVA (Non-NASDAQ OTC),244070,100.0,BBVA (Frankfurt),268341,100.0,BBVA (XETRA),268343,100.0,BBVA (Milan),284659,100.0,BBVA (AMS),293523,100.0
BBVA International Preferred S.A. Unipersonal,8050,bbva preferred unipersonal,bbva,BBVA Preferred Capital,193335,99.75,BBVA Privanza International Preferred C Gibraltar ADR 1:1,142682,99.55,BBVA Privanza International Preferred B ADR 1:1,193337,99.54,BBVA Banco Frances,80425,99.53,BBVA Banco Frances (Madrid),268344,99.53,Banco BBVA Peru,106344,99.51,BBVA Privanza International Preferred A Gibraltar 1 ADR = 1 Share,193336,99.49,BBVA Capital Funding,15129,99.48,BBVA Banco Frances 'B' (Non-NASDAQ OTC),234601,99.48,BBVA Banco Frances 'B' (Stuttgart),268345,99.48
"BBVA Senior Finance, S.A. Unipersonal",8038,bbva senior unipersonal,bbva,BBVA Bancomer Mextrac,171651,99.55,BBVA Banco Frances,80425,99.51,BBVA Banco Frances (Madrid),268344,99.51,BBVA Capital Funding,15129,99.51,BBVA Capital Funding (XETRA),304736,99.51,BBVA Bancomer,24637,99.5,Banco BBVA Peru,106344,99.5,BBVA Preferred Capital,193335,99.49,BBVA Sponsored ADR (Frankfurt) 1:1,255180,99.49,BBVA Sponsored ADR (XETRA) 1:1,290656,99.49
"BBVA Subordinated Capital, S.A. Unipersonal",8042,bbva subordinated capital unipersonal,bbva,BBVA Capital Funding,15129,99.6,BBVA Capital Funding (XETRA),304736,99.6,BBVA Preferred Capital,193335,99.54,BBVA Capital Privado F C R,162420,99.51,BBVA Solidez BP XVI,15130,99.46,BBVA Privanza International Preferred C Gibraltar ADR 1:1,142682,99.45,BBVA Privanza International Preferred A Gibraltar 1 ADR = 1 Share,193336,99.45,BBVA (Frankfurt) Bonus Rights,277023,99.44,BBVA (Frankfurt) Bonus Rights,277024,99.44,BBVA (Frankfurt) Bonus Rights,277025,99.44
BBVA U.S. Senior S.A. Unipersonal,8058,bbva u.s. senior unipersonal,bbva,BBVA Bancomer Mextrac,171651,99.49,BBVA (Frankfurt) Bonus Rights,277023,99.49,BBVA (Frankfurt) Bonus Rights,277024,99.49,BBVA (Frankfurt) Bonus Rights,277025,99.49,BBVA (Frankfurt) Bonus Rights,277026,99.49,BBVA (Frankfurt) Bonus Rights,277027,99.49,BBVA (Frankfurt) Bonus Rights,277028,99.49,BBVA (Munich) Bonus Rights,284660,99.49,BBVA (Frankfurt) Bonus Rights,293524,99.49,BBVA (Frankfurt) Bonus Rights,293525,99.49
BBVA-4 PYME Fondo de Titulizacion de Activos,8047,bbva 4 pyme fondo de titulizacion de activos,bbva,BBVA - BMV Mexico Enlace RT Trac,173011,99.48,BBVA - BMV Mexico Construye RT Trac,173010,99.44,BBVA - BMV Mexico CSO Frecuente RT Trac,171650,99.44,BBVA - BMV Fibras Trac,171649,99.43,BBVA Capital Privado F C R,162420,99.43,BBVA Sponsored ADR (Frankfurt) 1:1,255180,99.42,BBVA Sponsored ADR (XETRA) 1:1,290656,99.42,BBVA Accion IBEX 35 ETF,162419,99.42,BBVA Dow Jones STOXX Euro 50,162421,99.42,BBVA Banco Frances (XETRA) Sponsored ADR 1:3,317006,99.41
BBVA-5 FTPYME Fondo de Titulizacion de Activos,8065,bbva 5 ftpyme fondo de titulizacion de activos,bbva,BBVA - BMV Mexico Enlace RT Trac,173011,99.47,BBVA - BMV Mexico CSO Frecuente RT Trac,171650,99.43,BBVA - BMV Fibras Trac,171649,99.42,BBVA Banco Frances (XETRA) Sponsored ADR 1:3,317006,99.42,BBVA Capital Privado F C R,162420,99.42,BBVA - BMV Mexico Construye RT Trac,173010,99.42,BBVA Sponsored ADR (Frankfurt) 1:1,255180,99.41,BBVA Sponsored ADR (XETRA) 1:1,290656,99.41,BBVA Accion IBEX 35 ETF,162419,99.41,BBVA Dow Jones STOXX Euro 50,162421,99.41
BBVA-6 FTPYME Fondo de Titulizacion de Activos,8075,bbva 6 ftpyme fondo de titulizacion de activos,bbva,BBVA - BMV Mexico Enlace RT Trac,173011,99.47,BBVA - BMV Mexico CSO Frecuente RT Trac,171650,99.43,BBVA - BMV Fibras Trac,171649,99.42,BBVA Banco Frances (XETRA) Sponsored ADR 1:3,317006,99.42,BBVA Capital Privado F C R,162420,99.42,BBVA - BMV Mexico Construye RT Trac,173010,99.42,BBVA Sponsored ADR (Frankfurt) 1:1,255180,99.41,BBVA Sponsored ADR (XETRA) 1:1,290656,99.41,BBVA Accion IBEX 35 ETF,162419,99.41,BBVA Dow Jones STOXX Euro 50,162421,99.41
BCP Emisiones Latam 1 S.A.,5773,bcp emisiones latam 1,bcp,BCP Cash Component,162422,99.46,BCPG Foreign Board,229927,99.46,UBS Abcpa Exchange-Traded Note,141644,99.43,BCP G-Certificate Registered (Frankfurt),165199,99.41,BCPL Railway Infrastructure,99035,99.38,BCP Torre del Greco Azioni,91426,99.38,BCP AF,41401,99.37,Altos Hornos Mexico BCP Conversion Into 322903,172868,99.36,Gfinver BCP ADR Expired 11/08/97,205597,99.34,Cremi BCP,25333,99.33
BPE Finance International Limited,14731,bpe,bpe,BP International,52780,99.8,BP,124430,99.8,BP (Tokyo),221286,99.8,BP (Swiss Stock Exchange),224005,99.8,BP (VIRT-X),231719,99.8,BP (Non-NASDAQ OTC),244273,99.8,BP (Frankfurt),268594,99.8,BP (XETRA),268595,99.8,BP (Paris-SBF),284851,99.8,Bper Banca,87603,99.46
BSES Infrastructure Finance Limited,11511,bses infrastructure,bses,Bses GDR 144A,241323,99.44,Bses GDR Repr 3 Ordinary,241324,99.42,BSE Limited,24842,99.27,BSE,97392,99.27,SES (VIRT-X),297042,99.27,BS,24840,99.19,ES Group (Holdings),118639,99.19,Abss,202212,85.4,Tower Bersama Infrastructure,98133,75.02,Tower Bersama Infrastructure (Non-NASDAQ OTC),240449,75.02
Banca Popolare di Ancona SpA,12190,banca popolare di ancona spa,banca,Banca Popolare di Novara,15138,99.85,Banca Popolare di Novara,15144,99.85,Banca Popolare di Novara (Stuttgart),293537,99.85,Banca Popolare di Lajatico Scpa,91372,99.85,Banca Popolare di Milano,14993,99.81,Banca Popolare di (Non-NASDAQ OTC) Milano,234525,99.81,Banca Popolare di (Frankfurt) Milano,276969,99.81,Banca Popolare di (XETRA) Milano,284538,99.81,Banca Popolare di Verona (VIRT-X),293538,99.81,Banca Popolare di Verona (XETRA),310144,99.81
Banca Popolare di Aprilia - S.p.A.,12246,banca popolare di aprilia,banca,Banca Popolare di Milano,14993,99.86,Banca Popolare di Novara,15138,99.86,Banca Popolare di Novara,15144,99.86,Banca Popolare di (Non-NASDAQ OTC) Milano,234525,99.86,Banca Popolare di (Frankfurt) Milano,276969,99.86,Banca Popolare di (XETRA) Milano,284538,99.86,Banca Popolare di Novara (Stuttgart),293537,99.86,Banca Popolare Italiana,14995,99.83,Banca Popolare Italiana (Stuttgart),293446,99.83,Banca Popolare Emilia (VIRT-X),293539,99.83
Banca Popolare di Lanciano e Sulmona SpA,12222,banca popolare di lanciano e sulmona spa,banca,Banca Popolare di Cividale Scpa,91370,99.73,Banca Popolare di Lajatico Scpa,91372,99.73,Banca Popolare di Puglia E Basilicata,91373,99.73,Banca Popolare di Milano Conversion Rights,165082,99.71,Banca Popolare Luino E Varese,15145,99.7,Banca Popolare di Bari ORS,91369,99.7,Banca Popolare di Milano,14993,99.69,Banca Popolare di Novara,15138,99.69,Banca Popolare di Novara,15144,99.69,Banca Popolare di (Non-NASDAQ OTC) Milano,234525,99.69
Banca Popolare di Lodi Investor Trust III,22005,banca popolare di lodi investor iii,banca,Banca Popolare di Spoleto,14996,99.73,Banca Popolare di Sondrio,87704,99.73,Banca Popolare di Sondrio (Stuttgart),268351,99.73,Banca Popolare di Sondrio (XETRA),310223,99.73,Banca Popolare di Milano Conversion Rights,165082,99.73,Banca Popolare di Lecco,24645,99.72,Banca Popolare di Fondi,91371,99.72,Banca Popolare di Bari ORS,91369,99.72,Banca Popolare di Milano,14993,99.71,Banca Popolare di Novara,15138,99.71
Banca Popolare di Mantova SpA,12238,banca popolare di mantova spa,banca,Banca Popolare di Novara,15138,99.87,Banca Popolare di Novara,15144,99.87,Banca Popolare di Novara (Stuttgart),293537,99.87,Banca Popolare di Milano,14993,99.83,Banca Popolare di (Non-NASDAQ OTC) Milano,234525,99.83,Banca Popolare di (Frankfurt) Milano,276969,99.83,Banca Popolare di (XETRA) Milano,284538,99.83,Banca Popolare di Lajatico Scpa,91372,99.83,Banca Popolare Novara (VIRT-X),293543,99.8,Banca Popolare di Cividale Scpa,91370,99.8
Banca Popolare di Ravenna SpA,12198,banca popolare di ravenna spa,banca,Banca Popolare di Verona (VIRT-X),293538,99.83,Banca Popolare di Verona (XETRA),310144,99.83,Banca Popolare di Cividale Scpa,91370,99.8,Banca Popolare di Lajatico Scpa,91372,99.8,Banca Popolare di Novara,15138,99.79,Banca Popolare di Novara,15144,99.79,Banca Popolare di Novara (Stuttgart),293537,99.79,Banca Popolare Siracusa,15146,99.77,Banca Popolare Verona (Frankfurt),293545,99.76,Banca Popolare di Bari ORS,91369,99.76
Barclaycard Funding PLC,9074,barclaycard funding,barclaycard,RCL Group,3525,99.27,Car,24933,99.27,Arc Group,52363,99.27,Arc International (Non-NASDAQ OTC),52364,99.27,Arc Finance,98656,99.27,Car (HKSE Connect Equity),221329,99.27,Car (SZS),221330,99.27,Arc International,231567,99.27,Arc International (VIRT-X),231568,99.27,Car (Non-NASDAQ OTC),235105,99.27
CEMEX MATERIALS LLC,23906,cemex materials,cemex,Cemex Montenegro,91792,99.65,Cemex Cedear,148803,99.59,Cemex Latam Holding (BOG),91791,99.59,Cemex CPO ADR,193880,99.57,Cemex 'B' ADR (SEAQ International),241354,99.57,Cemex Holdings Philippines,108548,99.56,Cemex SAB de Convertible,148804,99.56,Cemex ADR 1:10,185115,99.55,Cemex ADR 1:10 (Frankfurt),255430,99.55,Cemex MVC UQ,173110,99.52
CIBC BANK USA,24845,cibc usa,cibc,Bcibc Equity,193344,99.6,IBC Group,47990,99.55,Cibc International Equity ETF,154049,99.52,Cibc MTC U S Equity ETF (CAD-Hedged),154051,99.45,Bcibc Blue Chip Fund,193343,99.43,Cibc U S Equity Index ETF,154063,99.42,Cibc International Equity Index ETF,154050,99.41,Bcibc Bond Index Fund,193342,99.41,CI Group,46079,99.4,CI Company SA,108653,99.4
CJ FOODVILLE CORP.,14519,cj foodville corp.,cj,CJ Seafood,117833,99.5,CJ Seafood Preferred,174832,99.47,CJ Bioscience,117830,99.45,CJ Cheiljedang 3PB,177961,99.44,CJ Cheil Jedang 1P,174829,99.44,CJ Cheil Jedang 2PB,177960,99.43,CJL Capital,6546,99.41,CJL Capital Inc,6547,99.41,CJ Internet,33392,99.41,CJ Logistics,115501,99.4
"CJ LiveCity Co.,Ltd.",14620,cj livecity co.ltd.,cj,CJL Capital,6546,99.47,CJL Capital Inc,6547,99.47,CJ Century Logistics Holdings,108677,99.46,CJ Logistics,115501,99.45,CJ Bioscience,117830,99.44,CJ Rural de Ahyct Los Andes,108678,99.43,CJ Cheiljedang,115499,99.42,CJ Seafood,117833,99.41,Inwestycje Alternatywne Profit,35777,99.41,CJ Internet,33392,99.4
"CJ OliveNetworks Co., Ltd",14482,cj olivenetworks,cj,CJ Internet,33392,99.59,CJ Bioscience,117830,99.55,CJ Logistics,115501,99.5,KFCJ Borac Prijedor STJ,2426,99.46,CJ ENM,115500,99.45,CJ Entertainment,33391,99.44,CJ Century Logistics Holdings,108677,99.44,CJ Preference Shares,174831,99.44,CJS-PLV,15976,99.43,CJ Preferred,174830,99.43
CK PROPERTY FINANCE (MTN) LIMITED,14989,ck property,ck,CKG Properties,15977,99.8,Black Sea Property,91603,99.76,Black Sea Property,108312,99.76,Black Sea Property (Stuttgart),268512,99.76,Stock Properties,113894,99.74,CK Power,115502,99.74,Trackhedge Property,181183,99.73,Jannock Properties,159199,99.69,Wheelock Properties,31625,99.67,Wheelock Properties (Singapore),40733,99.67
COTT CORPORATION,5381,cott corporation,cott,Scott Corporation,3779,99.97,Westcott Communications,69297,99.62,Scottish National Trust PLC,50379,99.61,Scottish National Trust PLC,183459,99.61,Cotton Trading (Debbah and Company),16323,99.6,Scottish Radio Holdings,50382,99.6,Scott Cord Labs,57366,99.58,Namoi Cotton (Non-NASDAQ OTC) Company-Operative,238322,99.58,Namoi Cotton (Berlin) Company-Operative,288043,99.58,Namoi Cotton (XETRA) Company-Operative,313832,99.58
Centel Capital Corporation,21014,centel capital corporation,centel,Centel Cable Television,63408,99.61,Centel Merger With 904864,63409,99.39,Entel,34350,99.32,ENT,1607,99.21,CE Holdings,108530,99.14,El Company,109292,99.14,El Company,227555,99.14,T Bank,22692,99.07,C Holdings,24873,99.07,Descente,106467,90.38
Cott Corporation,4720,cott corporation,cott,Scott Corporation,3779,99.97,Westcott Communications,69297,99.62,Scottish National Trust PLC,50379,99.61,Scottish National Trust PLC,183459,99.61,Cotton Trading (Debbah and Company),16323,99.6,Scottish Radio Holdings,50382,99.6,Scott Cord Labs,57366,99.58,Namoi Cotton (Non-NASDAQ OTC) Company-Operative,238322,99.58,Namoi Cotton (Berlin) Company-Operative,288043,99.58,Namoi Cotton (XETRA) Company-Operative,313832,99.58
Drax Holdings Limited,9086,drax,drax,Drax Group,124581,100.0,Drax Group (Non-NASDAQ OTC),245145,100.0,Drax Group (Frankfurt),269673,100.0,Drax Group (XETRA),311483,100.0,Quadrax,209088,99.73,DR Finance,109161,99.67,RA International Group,126784,99.67,Drax Group ADR 1:2,185776,99.5,Draxis Health,7328,99.47,Draxis Health (Nasdaq Non-National),235940,99.47
E.ON International Finance B.V.,16198,e.on b.v.,e.on,Company On,1218,99.36,O-Bank,115989,99.2,ONA,37748,79.53,Finance One,42130,79.53,Bank One,62826,79.53,ONG Holdings,75588,79.53,ONI International,75591,79.53,One Bank,85136,79.53,One,112488,79.53,Finance One (Munich),221662,79.53
ELLI INVESTMENTS LIMITED,9533,elli investments,elli,Mellin Industries,55957,99.67,Hellix Ventures (Non-NASDAQ OTC),129962,99.65,Hellix Ventures,215501,99.65,Spelling Entertainment,68298,99.63,Spelling Entertainment Group,68299,99.63,Spelling Entertainment,200663,99.63,Hellix Ventures Warrants,158688,99.6,Ellinikes Chimikes,7561,99.59,Jingellic Mines,2366,99.58,Gabelli RBI Nextshares,205471,99.58
Henson International Finance Ltd,10375,henson,henson,Company On,1218,99.5,NS Group,66949,99.5,NS,121444,99.5,NS Group (Berlin),302348,99.5,O-Bank,115989,99.29,Stephensons Rental Services Income Fund,12583,99.27,Ramco-Gershenson Properties Preferred B,199777,99.27,Ramco-Gershenson (XETRA) Properties Trust Share Ben Interest,308025,99.23,Ramco-Gershenson Properties Trust 7.95% Preferred Convertible Series C,199778,99.17,Song,12411,85.74
ITT HOLDINGS LLC,24157,itt,itt,ITT,134453,100.0,ITT,197138,100.0,ITT (Tokyo),222013,100.0,ITT (AMS),237409,100.0,ITT (Pet),251716,100.0,ITT (Frankfurt),264041,100.0,ITT (XETRA),264042,100.0,ITT (Paris-SBF),287263,100.0,Hitt (Berlin),286898,99.86,IT,27121,99.8
JCB FINANCE S.A.S.,8617,jcb,jcb,JC,42605,99.8,JC (Stuttgart),295521,99.8,Jcbnext,110707,99.6,C Holdings,24873,99.5,J Trust,110632,99.5,J-Group Holdings,110634,99.5,J-Holdings,110635,99.5,J Trust (Stuttgart),271481,99.5,Penney JC (Mexico),222502,79.53,Penney JC (XETRA),307739,79.53
MPH ACQUISITION HOLDINGS LLC,23848,mph acquisition,mph,TKK Symphony Acquisition Units,210518,99.67,Triumph Communications,58175,99.59,Symphony Communication,123171,99.59,Symphony Communication (Stuttgart),282212,99.59,Mphasis,97887,99.55,Mphasis (National India),222315,99.55,Amphion Innovations,44887,99.53,Amphion Innovations (Berlin),284237,99.53,Amphion Innovations (XETRA),309764,99.53,MPHB Capital,111887,99.52
NB FINANCE LTD.,14971,nb,nb,NBK Bank,37368,99.8,Group NBT,47559,99.8,MNB,56083,99.8,NBI,56242,99.8,CNB Holdings,71271,99.8,NBC Bank,79593,99.8,NBL,84882,99.8,DNB Bank,106137,99.8,NBS Bank,112049,99.8,HNB Finance,119459,99.8
PT Bank Commonwealth,10847,pt commonwealth,pt,Optique Commerciale,20781,99.59,Opta Minerals,10830,99.57,Optimi Health,85153,99.57,Opta Minerals (Non-NASDAQ OTC),238823,99.57,Optimi Health (Non-NASDAQ OTC),247781,99.57,Optimi Health (Frankfurt),265182,99.57,RPT Realty,134960,99.56,RPT Realty (Frankfurt),265865,99.56,Optonet,37764,99.55,PTM Com,21361,99.55
RAK CAPITAL,14817,rak capital,rak,Rako Capital,76342,99.96,Toprak Kagit,44165,99.61,Trak Auto,77676,99.6,Rakhat,113023,99.59,Prakit Holdings,121857,99.59,Rentrak Japan,29646,99.58,Perak Transit,112704,99.58,RAK Petroleum,113021,99.58,Trakcja Prkii,114474,99.58,RAK Petroleum (Stockholm),228516,99.58
"RWT HOLDINGS, INC",24050,rwt,rwt,SRWT,22464,99.86,T Bank,22692,99.5,CLRWT Seafoods Income Fund,157333,99.21,Griffin FDS Inc GRWTH and Incm B,205811,99.19,Ishrs MSCI EM CNSMR GRWTH US Dollar (ACC) ETF,233525,99.14,iShares Euro Total MRKT GRWTH LRG Ucits ETF European,181901,99.11,iShares Euro Total MRKT (AMS) GRWTH LRG Ucits ETF European,257050,99.11,iShares Euro Total MRKT (XETRA) GRWTH LRG Ucits ETF European,257051,99.11,TRW,68842,79.87,NRW Holdings,85064,79.87
SB Capital S.A.,15167,sb capital,sb,SBD Capital,86016,99.95,SBD Capital (Non-NASDAQ OTC),248609,99.95,SBD Capital (Frankfurt),265942,99.95,Crosby Capital (XETRA),311222,99.83,Brisbane Capital,156709,99.77,Douglasbay Capital,46669,99.71,MSB Global Capital,130816,99.71,SBI Capital Trust Preferred,147079,99.65,SB Financial Group,138172,99.64,SB Financial Group (Frankfurt),265940,99.64
TD Capital Trust,4979,td capital,td,MTD Capital,28502,99.95,TD Split,161401,99.67,TDB Split 'A',86518,99.61,TDB Split 'A' (Non-NASDAQ OTC),249224,99.61,TDS Capital I 8.5% 2037,147688,99.61,Nxtdigital,103122,99.6,Dotdigital Group,125579,99.6,Dotdigital Group (Non-NASDAQ OTC),245137,99.6,Dotdigital Group (Frankfurt),269656,99.6,Dotdigital Group (Frankfurt),278234,99.6
TIERS Corporate Bond-Backed Certificates Trust,21561,tiers corporate bond backed certificates,tiers,Citigroup Global Markets Holdings Tiers Trust Certificates 2000-13,194127,99.53,Tiers Call Prin-Protected Assets Tiers 2006,80082,99.51,Tiers Call Print Protected Asset Tiers 2006,80083,99.51,Quartiers Properties,176121,99.5,Structured Products Tiers Principal Protected Trust Certificate Russel 2000,200822,99.5,Structured Products Tiers Principal Protected Trust Certificate Service 2000,200825,99.49,Quartiers Properties Preference,141230,99.48,Structured Products Tiers Principal Protected Trust Certificate S and P500 Preferred,200824,99.46,Structured Products Tiers Principal Protected Trust Certificate Standard and Poor's 500,200823,99.45,Structured Products Tiers 2003,200820,99.4
Wurth Finance International B.V.,16161,wurth b.v.,wurth,TH Group,30936,99.33,RT Group,50230,99.33,RT Group (VIRT-X),232760,99.33,T Bank,22692,99.18,Worth,69400,79.73,Howarth Timber,47928,79.7,Werth Holz,114874,79.7,Rockworth NVDR,176155,79.7,Warthog,51572,79.67,Worthen Bank,69401,79.67
YPF ENERGIA ELECTRICA SOCIEDAD ANONIMA,2816,ypf energia electrica sociedad anonima,ypf,YPF Sociedad (Mexico) Anonima ADR Each 'D' 1:1,220928,99.53,Ypfb Transporte,80888,99.38,YPF 'D' Sponsored ADR 1:1,192237,99.38,YPF 'D' Sponsored ADR 1:1 (Frankfurt),260806,99.38,YPF A On (BSP),153327,99.35,Ypfb Andina,80886,99.33,Ypfb Chaco,80887,99.33,Repsol YPF (Stuttgart) Bonus Rights Code,281480,99.33,YPF S A (London),243315,99.31,Repsol YPF (Non-NASDAQ OTC) Bonus Rights,239426,99.3
Yinson Juniper Ltd,25390,yinson juniper,yinson,Yinson Holdings,107354,99.6,Company On,1218,99.25,NS Group,66949,99.25,NS,121444,99.25,NS Group (Berlin),302348,99.25,O-Bank,115989,99.13,Song,12411,85.47,Sony Bank Inc,30415,85.47,Sony (United Kingdom),50651,85.47,Sony Group,106094,85.47
adidas International Finance B.V.,16219,adidas b.v.,adidas,Adidas N (Milan),267489,99.74,Adidas,87384,99.71,Adidas (XETRA),87883,99.71,Adidas (New Shares),164628,99.71,Adidas (XETRA) (New Shares),164629,99.71,Adidas (BUD),216643,99.71,Adidas (Mexico),216644,99.71,Adidas (Bucharest),223673,99.71,Adidas (Swiss Stock Exchange),223674,99.71,Adidas (Swiss Stock Exchange),227017,99.71
